c41daf96-f387-4098-bd23-fce1f32bf9d4;Ersatzwert
e0cbebc7-857a-41df-b2b2-9fe798d01bbe;Ersatzwert
dbcbf26d-c2a2-44e8-9305-0c0220c3f41e;Ersatzwert
d90c978c-a637-4e9e-a641-504eb1d6b4fd;Ersatzwert
ac1ab9fe-d3b6-4c5e-9997-841a0371914e;Ersatzwert
b796ccad-a25b-4892-9485-60967f08a640;Ersatzwert
a97c4b67-e07a-4c4f-b4ca-eec697020a13;Ersatzwert
fb86b886-c90d-4fa9-b9b4-76bbbaad6940;Ersatzwert
b12e377c-b6cf-4c5c-8eaf-dd854070a1a7;Ersatzwert
c59619c9-3218-46d5-88c2-1aef7acce897;Ersatzwert
a259bfec-56d2-4c51-9e57-9d0af40c208d;Ersatzwert
ddcb356b-f213-47e9-b05b-434c3cce07d8;Ersatzwert
dbda19ff-3fd0-462e-a94c-765fc25e5980;Ersatzwert
c25855ee-cb35-4cb5-aa26-797a24c2ce41;Ersatzwert
beaea19b-c6e1-4a59-bde5-e979d41eaab8;Ersatzwert
cc4eff37-c36a-4835-9c05-e9c9d3e3073d;Ersatzwert
a50a7cc2-1335-498b-9d65-d8405673038c;Ersatzwert
a7001673-cfca-40dc-a6ce-9b2134e0c94c;Ersatzwert
a7435ad1-91b6-4cb0-813d-4771615993e6;Ersatzwert
ade98889-88ce-41d8-bcd8-a2609af732ac;Ersatzwert
f47cd6dc-a594-4297-873c-2fd521540bd5;Ersatzwert
da8f4fc0-b40d-4ab3-830f-87f4304359c3;Ersatzwert
dd9a833d-c9e8-42fc-b63e-8c65c8384174;Ersatzwert
a2ed26ab-89ce-4f82-97db-27fc8526af24;Ersatzwert
c6298021-6cc6-461f-a7ae-80c098d67301;Ersatzwert
cd65d6c5-6247-48d3-bbfb-1e68e9fbf4ba;Ersatzwert
d49010c4-2d8f-4a98-9cd9-5a0ccf456395;Ersatzwert
a99123b7-4c7e-462b-919e-fb9b49a98249;Ersatzwert
e31209cf-0cd1-4739-87d0-96f142d1dd68;Ersatzwert
e38f3ebc-c311-42bd-9224-81813c7f70c0;Ersatzwert
b18918d3-2224-4454-b68e-d3e157661dce;Ersatzwert
d9aef590-af0a-4896-977a-71061c9ab8f0;Ersatzwert
d19845e6-ddf5-4cbd-9e84-09351a9bb12f;Ersatzwert
b38a2b66-2a07-425c-ba97-58dcb9974fbf;Ersatzwert
d814c18c-0383-443e-9c43-d6b8616b2349;Ersatzwert
d0825640-df9f-4454-8554-2815f3e0c677;Ersatzwert
bcc45ecf-7efb-421b-ad3d-38f3cb7486cb;Ersatzwert
c0e516f2-0a75-40ea-9e3e-77db198015b0;Ersatzwert
de3c882f-7a00-4702-8a88-a7086738f140;Ersatzwert
a1df9477-0102-4e92-ba68-56df5ee92c81;Ersatzwert
b10f3fb0-0a2c-445f-a75b-320c3affd48b;Ersatzwert
acaf3909-b7df-4b07-8d79-e3f5ed4a9fb9;Ersatzwert
e0343a1c-52f6-40c5-80bb-2fb615a19163;Ersatzwert
d4a7549b-cd6e-4cbe-9109-0c58e79c84fa;Ersatzwert
a382f99c-ce8d-45dd-b5ff-874a7170dc1b;Ersatzwert
aceb9264-dc07-4b8f-8425-59889b8747f8;Ersatzwert
a753b8f2-0f5f-4d0b-941c-7c18dc489c42;Ersatzwert
d28a95db-9c3f-4c2c-87ce-c7a022e9706b;Ersatzwert
e040b1dd-f6d9-410a-afac-b4450b4f25bd;Ersatzwert
c1da1747-2f24-45ee-9b4e-893cdb2243c9;Ersatzwert
adb16d02-63c3-4f17-b6c9-44726165e1cb;Ersatzwert
d95d1ae5-0206-41c9-be4e-f57ea9cda9ef;Ersatzwert
c15e340d-fd8c-4e71-976b-caef4577aa0d;Ersatzwert
d6e58a97-40ca-455b-9c22-47cc5bd3bf28;Ersatzwert
a57ce84b-5b0e-4410-872e-240e1f1dc213;Ersatzwert
a192ac4f-b04e-435c-9e35-6a44f4239b2a;Ersatzwert
c0455762-94e9-4883-876a-4f6de74171ce;Ersatzwert
dac9629b-c662-4d4d-80eb-d434afa47c81;Ersatzwert
b290120d-53aa-41e5-9561-94840abb24f2;Ersatzwert
a18d70f0-bfa3-431b-9756-bd9750c0f38a;Ersatzwert
cbb81152-a875-479d-9b56-12407b2e019a;Ersatzwert
e155b935-bdf4-4190-819a-05e160c8ec89;Ersatzwert
e58667be-0ff0-4e6c-9028-5e6a74286e34;Ersatzwert
d71bb352-0cdb-4e74-9754-11687a7de91a;Ersatzwert
d4fecdc9-712e-4bed-93fd-3738e8aed7a6;Ersatzwert
a1518ec5-3a0e-4bca-a49e-f6dd96846f71;Ersatzwert
d3f5f674-7a32-40f5-bd63-5730dbc0c0b4;Ersatzwert
a9810df8-4388-4ad2-9510-6bc1b1445e62;Ersatzwert
d5d51db5-f631-420d-ab88-968cfe0f831f;Ersatzwert
ae51a7c7-b490-4d84-b4e0-4d6dd65cc7c5;Ersatzwert
c823a036-497a-4f86-b804-8d62e459434d;Ersatzwert
b0d9657a-d658-4d3a-9685-0fdd41fa45aa;Ersatzwert
e2ee6f9a-7701-49bf-ba09-f6f9ebbc78f4;Ersatzwert
c1fd153c-d7f2-4a6e-a4df-72a808c9a058;Ersatzwert
e21ebd62-fea0-42af-9a96-b0c29314888c;Ersatzwert
b7c011b2-c77a-4a2e-9aac-c6645d16d304;Ersatzwert
e2c81059-a3a2-4971-9f7b-908c1420f5e3;Ersatzwert
b015b824-8267-4876-a056-df4ed84fbc57;Ersatzwert
de449ba5-c938-4720-848c-16ee10a1d26f;Ersatzwert
d86183f8-cce7-4112-b257-b0ca4c52f622;Ersatzwert
a404f35e-3266-490d-b4a7-6672812d7ff5;Ersatzwert
da739114-f92e-4604-ac9d-156c820007a7;Ersatzwert
d5cab94e-28c4-4673-b0e4-249cd58f8b34;Ersatzwert
dee62346-5f77-4ebe-a0ea-e1fed5759954;Ersatzwert
a19cf676-cae5-469b-a169-23b6fbe80b8c;Ersatzwert
ca263e53-a3c8-4ff4-9c05-a9d0a4dae6ad;Ersatzwert
abda453d-c011-46f4-8c07-51be8fd55361;Ersatzwert
bf1f5882-fa97-4c8e-b191-a647496c6412;Ersatzwert
d51f0735-ba6b-4a4f-8140-ce228cec7ab9;Ersatzwert
a19179b1-74e9-4687-a799-ebc01df8fc95;Ersatzwert
abb47712-1623-492e-b176-ef7eddd11927;Ersatzwert
e17048c7-ea21-4d23-8726-321eed6b879d;Ersatzwert
c848f340-b8c2-4a11-8573-0bcb6c9983c0;Ersatzwert
d7551c03-1519-43a7-89cf-b84a8eb9f29b;Ersatzwert
c41b4082-ad70-4db0-9749-daa3fca79374;Ersatzwert
c7bee176-aa09-4cf9-bee3-b7a40393aae4;Ersatzwert
c7adf039-cde2-4e73-97dd-37ca983bd156;Ersatzwert
c0755a93-68c7-4588-84cb-57d5a9609fd1;Ersatzwert
d2d5e457-6d78-446a-a6c4-3ce5e491061a;Ersatzwert
a83261d8-3d83-435d-bf86-78727c51e2e2;Ersatzwert
debadcab-8fb7-4822-883f-6c21eb7c8a9e;Ersatzwert
d29f8117-a128-4a7e-9f23-c89eedea408a;Ersatzwert
bc1e63a8-cdff-4232-8257-b2884c8b3b5a;Ersatzwert
d6802d52-e30b-4807-bec8-8f4875790746;Ersatzwert
b4d27578-60e9-4291-b49f-2a67eb7f403b;Ersatzwert
c4a53ec6-9dc5-4d30-98b7-13e57e296f24;Ersatzwert
d20fe4b2-95fb-493d-96da-41517e6429a0;Ersatzwert
dd427f6c-09b6-45f2-8e79-8c362369ffc7;Ersatzwert
a55d3b51-3ba2-46d3-8215-1f7641510b67;Ersatzwert
aaf748e0-54d2-4d5e-8035-58c87d543b78;Ersatzwert
d3825233-bd99-409e-a367-baa73887d9be;Ersatzwert
d2c79f8d-0acd-4476-83ad-19582ec77ff3;Ersatzwert
daab6555-84c1-4abd-ac14-cd7b8235df00;Ersatzwert
a4dce357-aaa0-474b-aa7b-619e2fc70440;Ersatzwert
bf9f6bb5-f1c0-490e-9b94-c712c6ed7a7a;Ersatzwert
b0286960-bdbf-4a58-af32-17211dc3f18a;Ersatzwert
b82eb97d-29e5-435a-9bad-e7d52e637aa3;Ersatzwert
d1e7c293-1ffa-42cc-82cc-562136d3a533;Ersatzwert
cf421625-c7ca-4b29-870e-f226111323f7;Ersatzwert
d1373677-eec7-4563-ab83-a518288945f5;Ersatzwert
cee8e0ff-7787-4c01-97eb-ef348418c0dd;Ersatzwert
d82dfa30-0777-4df5-8556-24aac45feab0;Ersatzwert
d6bca322-4263-4503-a136-83929af01c86;Ersatzwert
e0ccf96e-eb32-4341-8f86-2c8e04436211;Ersatzwert
accb5e27-56ba-4e1b-a832-6fc2e7d02006;Ersatzwert
c135a6ef-811f-4e27-8f76-b4741be81337;Ersatzwert
a25c72d4-7ab5-4020-ac52-f8e063cf97da;Ersatzwert
a96e12f2-a70b-4b45-a2f8-d990235c8c49;Ersatzwert
a37721b0-76f4-4633-9980-051eedf8df48;Ersatzwert
a7fc0cbb-bad2-4435-bd6f-e263e303d9a6;Ersatzwert
c697914e-d7eb-4c56-8f0f-b561ce6e66fa;Ersatzwert
d04a9b0c-b139-44ee-84c9-6fd631f3e8eb;Ersatzwert
cbfb42ae-cd53-4caa-8707-5aa9fd9922b9;Ersatzwert
d2ec8bf3-70d2-454f-b302-4fae28d56a8a;Ersatzwert
d266da5c-1305-4d65-8ef5-c8a0f9938a3b;Ersatzwert
b7b30d41-162c-44fb-a604-d1264ecd7878;Ersatzwert
e1d074a0-c5dc-4b48-a074-8dee74a7e723;Ersatzwert
ba8e60b3-f718-4d0e-8a3f-ea576365e797;Ersatzwert
aabd2c0b-40e8-4879-9d1e-4984bb156dbd;Ersatzwert
